,target
Id,-0.02191671944343116
MSSubClass,-0.08428413512659538
LotFrontage,0.35179909657067926
LotArea,0.2638433538714052
OverallQual,0.7909816005838061
OverallCond,-0.0778558940486774
YearBuilt,0.5228973328794962
YearRemodAdd,0.5071009671113864
MasVnrArea,0.4774930470957119
BsmtFinSF1,0.38641980624215577
BsmtFinSF2,-0.011378121450215243
BsmtUnfSF,0.21447910554696895
TotalBsmtSF,0.6135805515591951
1stFlrSF,0.6058521846919143
2ndFlrSF,0.3193338028320668
LowQualFinSF,-0.025606130000679815
GrLivArea,0.708624477612652
BsmtFullBath,0.2271222331314974
BsmtHalfBath,-0.01684415429735927
FullBath,0.5606637627484463
HalfBath,0.2841076755947779
BedroomAbvGr,0.168213154300742
KitchenAbvGr,-0.13590737084214113
TotRmsAbvGrd,0.5337231555820241
Fireplaces,0.4669288367515248
GarageYrBlt,0.48636167748786086
GarageCars,0.6404091972583493
GarageArea,0.623431438918361
WoodDeckSF,0.3244134445681312
OpenPorchSF,0.3158562271160551
EnclosedPorch,-0.12857795792595644
3SsnPorch,0.044583665335747875
ScreenPorch,0.11144657114291112
PoolArea,0.09240354949187186
MiscVal,-0.021189579640303234
MoSold,0.04643224522381942
YrSold,-0.02892258516873042
SalePrice,1.0
target,1.0
